row_id,true_label,pred,status
2585,wrong_exchange_rate_for_cash_withdrawal,wrong_exchange_rate_for_cash_withdrawal,ok
876,transfer_not_received_by_recipient,transfer_not_received_by_recipient,ok
1418,compromised_card,compromised_card,ok
478,lost_or_stolen_card,lost_or_stolen_card,ok
2246,receiving_money,receiving_money,ok
1169,why_verify_identity,why_verify_identity,ok
483,age_limit,age_limit,ok
1106,card_payment_not_recognised,card_payment_not_recognised,ok
1422,compromised_card,compromised_card,ok
881,supported_cards_and_currencies,supported_cards_and_currencies,ok
2620,get_disposable_virtual_card,get_disposable_virtual_card,ok
1653,lost_or_stolen_phone,lost_or_stolen_phone,ok
734,top_up_limits,top_up_limits,ok
138,card_payment_wrong_exchange_rate,card_payment_fee_charged,ok
2506,order_physical_card,card_delivery_estimate,ok
1452,atm_support,atm_support,ok
3034,verify_my_identity,verify_my_identity,ok
284,card_delivery_estimate,card_delivery_estimate,ok
2868,activate_my_card,activate_my_card,ok
354,automatic_top_up,automatic_top_up,ok
496,age_limit,age_limit,ok
273,fiat_currency_support,fiat_currency_support,ok
1404,compromised_card,lost_or_stolen_card,ok
573,contactless_not_working,contactless_not_working,ok
1223,unable_to_verify_identity,unable_to_verify_identity,ok
720,top_up_limits,top_up_limits,ok
2977,apple_pay_or_google_pay,apple_pay_or_google_pay,ok
1077,balance_not_updated_after_cheque_or_cash_deposit,balance_not_updated_after_cheque_or_cash_deposit,ok
2453,top_up_by_cash_or_cheque,supported_cards_and_currencies,ok
1798,Refund_not_showing_up,Refund_not_showing_up,ok
1970,transaction_charged_twice,transaction_charged_twice,ok
910,supported_cards_and_currencies,supported_cards_and_currencies,ok
206,pending_cash_withdrawal,pending_cash_withdrawal,ok
745,top_up_limits,top_up_limits,ok
1129,edit_personal_details,edit_personal_details,ok
636,top_up_by_bank_transfer_charge,transfer_into_account,ok
1299,visa_or_mastercard,visa_or_mastercard,ok
1736,declined_transfer,failed_transfer,ok
2018,verify_source_of_funds,verify_source_of_funds,ok
2913,cash_withdrawal_charge,cash_withdrawal_charge,ok
1099,card_payment_not_recognised,card_payment_not_recognised,ok
2581,wrong_exchange_rate_for_cash_withdrawal,card_payment_wrong_exchange_rate,ok
667,pending_top_up,pending_top_up,ok
2092,reverted_card_payment?,top_up_failed,ok
1928,card_swallowed,card_swallowed,ok
757,top_up_limits,pending_top_up,ok
1990,transaction_charged_twice,transaction_charged_twice,ok
2947,card_about_to_expire,card_about_to_expire,ok
561,contactless_not_working,card_not_working,ok
1544,passcode_forgotten,passcode_forgotten,ok
3053,country_support,country_support,ok
2150,change_pin,change_pin,ok
2889,cash_withdrawal_charge,cash_withdrawal_charge,ok
96,exchange_rate,exchange_rate,ok
864,transfer_not_received_by_recipient,transfer_not_received_by_recipient,ok
2485,order_physical_card,order_physical_card,ok
2909,cash_withdrawal_charge,cash_withdrawal_charge,ok
2907,cash_withdrawal_charge,cash_withdrawal_charge,ok
2597,wrong_exchange_rate_for_cash_withdrawal,wrong_exchange_rate_for_cash_withdrawal,ok
592,contactless_not_working,contactless_not_working,ok
1647,lost_or_stolen_phone,lost_or_stolen_phone,ok
1843,pending_transfer,pending_transfer,ok
2941,card_about_to_expire,card_about_to_expire,ok
388,card_not_working,card_not_working,ok
1158,edit_personal_details,edit_personal_details,ok
364,card_not_working,card_not_working,ok
2893,cash_withdrawal_charge,cash_withdrawal_charge,ok
2420,getting_spare_card,getting_spare_card,ok
1952,card_swallowed,card_swallowed,ok
2511,order_physical_card,order_physical_card,ok
609,top_up_by_bank_transfer_charge,top_up_by_bank_transfer_charge,ok
1410,compromised_card,compromised_card,ok
2801,top_up_by_card_charge,top_up_by_card_charge,ok
1931,card_swallowed,card_swallowed,ok
2399,verify_top_up,verify_top_up,ok
1123,edit_personal_details,edit_personal_details,ok
1385,disposable_card_limits,disposable_card_limits,ok
1029,top_up_reverted,top_up_reverted,ok
1622,pending_card_payment,card_not_working,ok
537,pin_blocked,pin_blocked,ok
2894,cash_withdrawal_charge,cash_withdrawal_charge,ok
165,extra_charge_on_statement,extra_charge_on_statement,ok
1516,direct_debit_payment_not_recognised,transfer_not_received_by_recipient,ok
779,wrong_amount_of_cash_received,wrong_amount_of_cash_received,ok
2028,verify_source_of_funds,verify_source_of_funds,ok
2084,reverted_card_payment?,reverted_card_payment?,ok
135,card_payment_wrong_exchange_rate,card_payment_wrong_exchange_rate,ok
2607,get_disposable_virtual_card,get_disposable_virtual_card,ok
2615,get_disposable_virtual_card,get_disposable_virtual_card,ok
2065,transfer_timing,transfer_timing,ok
406,exchange_via_app,exchange_via_app,ok
2628,get_disposable_virtual_card,get_disposable_virtual_card,ok
2364,verify_top_up,verify_top_up,ok
2746,cash_withdrawal_not_recognised,card_payment_not_recognised,ok
1871,pending_transfer,transfer_timing,ok
279,fiat_currency_support,country_support,ok
1665,lost_or_stolen_phone,lost_or_stolen_phone,ok
2191,beneficiary_not_allowed,beneficiary_not_allowed,ok
1722,declined_transfer,declined_transfer,ok
1851,pending_transfer,pending_transfer,ok
732,top_up_limits,top_up_limits,ok
2042,transfer_timing,transfer_timing,ok
335,automatic_top_up,automatic_top_up,ok
3012,verify_my_identity,why_verify_identity,ok
580,contactless_not_working,contactless_not_working,ok
1874,pending_transfer,balance_not_updated_after_bank_transfer,ok
2242,receiving_money,receiving_money,ok
754,top_up_limits,top_up_limits,ok
1293,visa_or_mastercard,visa_or_mastercard,ok
802,card_payment_fee_charged,card_payment_fee_charged,ok
1071,balance_not_updated_after_cheque_or_cash_deposit,balance_not_updated_after_cheque_or_cash_deposit,ok
2498,order_physical_card,order_physical_card,ok
169,extra_charge_on_statement,extra_charge_on_statement,ok
2436,getting_spare_card,getting_spare_card,ok
1927,card_swallowed,card_swallowed,ok
1495,direct_debit_payment_not_recognised,direct_debit_payment_not_recognised,ok
472,lost_or_stolen_card,lost_or_stolen_card,ok
1488,direct_debit_payment_not_recognised,direct_debit_payment_not_recognised,ok
246,fiat_currency_support,balance_not_updated_after_cheque_or_cash_deposit,ok
1253,get_physical_card,get_physical_card,ok
733,top_up_limits,top_up_limits,ok
3019,verify_my_identity,verify_my_identity,ok
689,cancel_transfer,cancel_transfer,ok
2540,virtual_card_not_working,virtual_card_not_working,ok
1478,atm_support,atm_support,ok
2346,transfer_into_account,transfer_into_account,ok
1759,declined_transfer,declined_transfer,ok
2749,cash_withdrawal_not_recognised,cash_withdrawal_not_recognised,ok
2523,virtual_card_not_working,card_not_working,ok
1639,pending_card_payment,pending_card_payment,ok
2619,get_disposable_virtual_card,get_disposable_virtual_card,ok
676,pending_top_up,top_up_failed,ok
1545,passcode_forgotten,passcode_forgotten,ok
902,supported_cards_and_currencies,supported_cards_and_currencies,ok
2472,top_up_by_cash_or_cheque,top_up_by_cash_or_cheque,ok
654,pending_top_up,pending_top_up,ok
576,contactless_not_working,contactless_not_working,ok
1785,Refund_not_showing_up,Refund_not_showing_up,ok
2406,getting_spare_card,getting_spare_card,ok
2064,transfer_timing,transfer_timing,ok
1076,balance_not_updated_after_cheque_or_cash_deposit,balance_not_updated_after_cheque_or_cash_deposit,ok
227,pending_cash_withdrawal,pending_cash_withdrawal,ok
2426,getting_spare_card,getting_virtual_card,ok
1941,card_swallowed,card_swallowed,ok
2748,cash_withdrawal_not_recognised,cash_withdrawal_not_recognised,ok
2763,exchange_charge,exchange_rate,ok
1490,direct_debit_payment_not_recognised,direct_debit_payment_not_recognised,ok
1363,disposable_card_limits,disposable_card_limits,ok
1461,atm_support,atm_support,ok
502,age_limit,age_limit,ok
2891,cash_withdrawal_charge,cash_withdrawal_charge,ok
493,age_limit,age_limit,ok
1146,edit_personal_details,edit_personal_details,ok
2445,top_up_by_cash_or_cheque,top_up_by_cash_or_cheque,ok
763,wrong_amount_of_cash_received,wrong_amount_of_cash_received,ok
2599,wrong_exchange_rate_for_cash_withdrawal,wrong_exchange_rate_for_cash_withdrawal,ok
182,extra_charge_on_statement,extra_charge_on_statement,ok
1564,declined_cash_withdrawal,declined_cash_withdrawal,ok
861,transfer_not_received_by_recipient,transfer_not_received_by_recipient,ok
267,fiat_currency_support,supported_cards_and_currencies,ok
2487,order_physical_card,order_physical_card,ok
762,wrong_amount_of_cash_received,wrong_amount_of_cash_received,ok
2110,reverted_card_payment?,reverted_card_payment?,ok
844,transfer_not_received_by_recipient,transfer_not_received_by_recipient,ok
2380,verify_top_up,verify_top_up,ok
1485,direct_debit_payment_not_recognised,Refund_not_showing_up,ok
583,contactless_not_working,contactless_not_working,ok
2525,virtual_card_not_working,getting_virtual_card,ok
1596,declined_cash_withdrawal,declined_cash_withdrawal,ok
2798,exchange_charge,exchange_charge,ok
2530,virtual_card_not_working,virtual_card_not_working,ok
1032,top_up_reverted,top_up_reverted,ok
975,card_acceptance,card_acceptance,ok
1986,transaction_charged_twice,transaction_charged_twice,ok
247,fiat_currency_support,fiat_currency_support,ok
2806,top_up_by_card_charge,top_up_by_card_charge,ok
121,card_payment_wrong_exchange_rate,card_payment_wrong_exchange_rate,ok
1847,pending_transfer,pending_transfer,ok
1234,unable_to_verify_identity,unable_to_verify_identity,ok
970,card_acceptance,card_acceptance,ok
2642,top_up_failed,pending_top_up,ok
2562,wrong_exchange_rate_for_cash_withdrawal,wrong_exchange_rate_for_cash_withdrawal,ok
2302,failed_transfer,failed_transfer,ok
562,contactless_not_working,card_arrival,ok
2583,wrong_exchange_rate_for_cash_withdrawal,wrong_exchange_rate_for_cash_withdrawal,ok
2388,verify_top_up,verify_top_up,ok
1894,terminate_account,terminate_account,ok
164,extra_charge_on_statement,card_payment_not_recognised,ok
2670,top_up_failed,top_up_failed,ok
378,card_not_working,card_not_working,ok
2216,transfer_fee_charged,transfer_fee_charged,ok
2203,transfer_fee_charged,transfer_fee_charged,ok
112,exchange_rate,exchange_rate,ok
1765,Refund_not_showing_up,Refund_not_showing_up,ok
2656,top_up_failed,top_up_reverted,ok
1699,request_refund,request_refund,ok
1904,terminate_account,terminate_account,ok
837,card_payment_fee_charged,card_payment_fee_charged,ok
536,pin_blocked,pin_blocked,ok
974,card_acceptance,card_acceptance,ok
1701,request_refund,request_refund,ok
2637,get_disposable_virtual_card,disposable_card_limits,ok
3069,country_support,country_support,ok
783,wrong_amount_of_cash_received,wrong_amount_of_cash_received,ok
1328,topping_up_by_card,topping_up_by_card,ok
225,pending_cash_withdrawal,pending_cash_withdrawal,ok
1343,topping_up_by_card,topping_up_by_card,ok
1272,get_physical_card,get_physical_card,ok
1258,get_physical_card,get_physical_card,ok
2527,virtual_card_not_working,virtual_card_not_working,ok
2190,beneficiary_not_allowed,beneficiary_not_allowed,ok
210,pending_cash_withdrawal,pending_cash_withdrawal,ok
500,age_limit,age_limit,ok
1218,unable_to_verify_identity,unable_to_verify_identity,ok
1215,unable_to_verify_identity,unable_to_verify_identity,ok
2594,wrong_exchange_rate_for_cash_withdrawal,wrong_exchange_rate_for_cash_withdrawal,ok
9,card_arrival,card_arrival,ok
968,card_acceptance,card_acceptance,ok
2975,apple_pay_or_google_pay,apple_pay_or_google_pay,ok
1520,passcode_forgotten,passcode_forgotten,ok
1326,topping_up_by_card,top_up_by_cash_or_cheque,ok
1529,passcode_forgotten,passcode_forgotten,ok
1162,why_verify_identity,why_verify_identity,ok
2883,cash_withdrawal_charge,cash_withdrawal_charge,ok
1133,edit_personal_details,edit_personal_details,ok
2152,change_pin,change_pin,ok
1611,pending_card_payment,pending_card_payment,ok
2421,getting_spare_card,getting_spare_card,ok
2869,activate_my_card,activate_my_card,ok
2770,exchange_charge,exchange_charge,ok
2411,getting_spare_card,transaction_charged_twice,ok
1432,compromised_card,compromised_card,ok
204,pending_cash_withdrawal,pending_cash_withdrawal,ok
1030,top_up_reverted,top_up_reverted,ok
1467,atm_support,atm_support,ok
2691,balance_not_updated_after_bank_transfer,balance_not_updated_after_bank_transfer,ok
1705,request_refund,request_refund,ok
53,card_linking,card_linking,ok
2809,top_up_by_card_charge,top_up_by_card_charge,ok
303,card_delivery_estimate,card_delivery_estimate,ok
933,getting_virtual_card,getting_virtual_card,ok
254,fiat_currency_support,fiat_currency_support,ok
398,card_not_working,card_not_working,ok
1737,declined_transfer,cancel_transfer,ok
2580,wrong_exchange_rate_for_cash_withdrawal,wrong_exchange_rate_for_cash_withdrawal,ok
190,extra_charge_on_statement,extra_charge_on_statement,ok
1597,declined_cash_withdrawal,declined_cash_withdrawal,ok
1791,Refund_not_showing_up,Refund_not_showing_up,ok
2300,failed_transfer,card_delivery_estimate,ok
2081,reverted_card_payment?,reverted_card_payment?,ok
1925,card_swallowed,card_swallowed,ok
2260,receiving_money,receiving_money,ok
2687,balance_not_updated_after_bank_transfer,transfer_timing,ok
1178,why_verify_identity,why_verify_identity,ok
332,automatic_top_up,automatic_top_up,ok
736,top_up_limits,top_up_limits,ok
525,pin_blocked,pin_blocked,ok
179,extra_charge_on_statement,extra_charge_on_statement,ok
2039,verify_source_of_funds,verify_source_of_funds,ok
488,age_limit,age_limit,ok
2520,virtual_card_not_working,virtual_card_not_working,ok
1899,terminate_account,terminate_account,ok
88,exchange_rate,exchange_rate,ok
2959,card_about_to_expire,card_about_to_expire,ok
1998,transaction_charged_twice,transaction_charged_twice,ok
1637,pending_card_payment,pending_card_payment,ok
2820,top_up_by_card_charge,top_up_by_card_charge,ok
2316,failed_transfer,failed_transfer,ok
1834,declined_card_payment,declined_card_payment,ok
2788,exchange_charge,exchange_charge,ok
889,supported_cards_and_currencies,supported_cards_and_currencies,ok
446,lost_or_stolen_card,lost_or_stolen_card,ok
2994,apple_pay_or_google_pay,apple_pay_or_google_pay,ok
33,card_arrival,card_arrival,ok
2449,top_up_by_cash_or_cheque,top_up_by_cash_or_cheque,ok
2354,transfer_into_account,transfer_into_account,ok
841,transfer_not_received_by_recipient,transfer_not_received_by_recipient,ok
2402,getting_spare_card,getting_spare_card,ok
438,exchange_via_app,exchange_via_app,ok
317,card_delivery_estimate,card_delivery_estimate,ok
1306,visa_or_mastercard,visa_or_mastercard,ok
3052,country_support,country_support,ok
1571,declined_cash_withdrawal,declined_cash_withdrawal,ok
855,transfer_not_received_by_recipient,pending_transfer,ok
2672,top_up_failed,top_up_limits,ok
2966,apple_pay_or_google_pay,apple_pay_or_google_pay,ok
2355,transfer_into_account,transfer_into_account,ok
2051,transfer_timing,transfer_timing,ok
34,card_arrival,card_arrival,ok
1105,card_payment_not_recognised,card_payment_not_recognised,ok
1873,pending_transfer,pending_transfer,ok
817,card_payment_fee_charged,card_payment_fee_charged,ok
2839,top_up_by_card_charge,top_up_by_card_charge,ok
1290,visa_or_mastercard,visa_or_mastercard,ok
2090,reverted_card_payment?,reverted_card_payment?,ok
38,card_arrival,card_arrival,ok
2567,wrong_exchange_rate_for_cash_withdrawal,wrong_exchange_rate_for_cash_withdrawal,ok
765,wrong_amount_of_cash_received,wrong_amount_of_cash_received,ok
242,fiat_currency_support,fiat_currency_support,ok
1764,Refund_not_showing_up,Refund_not_showing_up,ok
2194,beneficiary_not_allowed,beneficiary_not_allowed,ok
345,automatic_top_up,top_up_limits,ok
2293,failed_transfer,failed_transfer,ok
1370,disposable_card_limits,disposable_card_limits,ok
98,exchange_rate,exchange_rate,ok
1924,card_swallowed,card_swallowed,ok
1968,transaction_charged_twice,transaction_charged_twice,ok
1203,unable_to_verify_identity,unable_to_verify_identity,ok
1433,compromised_card,compromised_card,ok
1350,topping_up_by_card,topping_up_by_card,ok
2552,virtual_card_not_working,virtual_card_not_working,ok
2387,verify_top_up,verify_top_up,ok
2432,getting_spare_card,getting_spare_card,ok
2867,activate_my_card,activate_my_card,ok
3002,verify_my_identity,verify_my_identity,ok
1504,direct_debit_payment_not_recognised,direct_debit_payment_not_recognised,ok
2768,exchange_charge,exchange_charge,ok
2124,change_pin,change_pin,ok
322,automatic_top_up,automatic_top_up,ok
2987,apple_pay_or_google_pay,apple_pay_or_google_pay,ok
313,card_delivery_estimate,card_delivery_estimate,ok
1241,get_physical_card,get_physical_card,ok
2395,verify_top_up,verify_top_up,ok
2186,beneficiary_not_allowed,beneficiary_not_allowed,ok
2145,change_pin,change_pin,ok
347,automatic_top_up,automatic_top_up,ok
2969,apple_pay_or_google_pay,apple_pay_or_google_pay,ok
2614,get_disposable_virtual_card,get_disposable_virtual_card,ok
2919,cash_withdrawal_charge,cash_withdrawal_charge,ok
1348,topping_up_by_card,topping_up_by_card,ok
850,transfer_not_received_by_recipient,transfer_not_received_by_recipient,ok
2838,top_up_by_card_charge,top_up_by_card_charge,ok
1441,atm_support,atm_support,ok
1033,top_up_reverted,top_up_reverted,ok
1477,atm_support,atm_support,ok
89,exchange_rate,exchange_rate,ok
688,cancel_transfer,cancel_transfer,ok
531,pin_blocked,pin_blocked,ok
1126,edit_personal_details,edit_personal_details,ok
2812,top_up_by_card_charge,top_up_by_card_charge,ok
1286,visa_or_mastercard,visa_or_mastercard,ok
2310,failed_transfer,failed_transfer,ok
719,cancel_transfer,cancel_transfer,ok
1793,Refund_not_showing_up,Refund_not_showing_up,ok
11,card_arrival,card_delivery_estimate,ok
1816,declined_card_payment,declined_card_payment,ok
702,cancel_transfer,cancel_transfer,ok
2984,apple_pay_or_google_pay,apple_pay_or_google_pay,ok
120,card_payment_wrong_exchange_rate,card_payment_wrong_exchange_rate,ok
957,getting_virtual_card,getting_virtual_card,ok
128,card_payment_wrong_exchange_rate,card_payment_wrong_exchange_rate,ok
1553,passcode_forgotten,passcode_forgotten,ok
1570,declined_cash_withdrawal,declined_cash_withdrawal,ok
1291,visa_or_mastercard,visa_or_mastercard,ok
2339,transfer_into_account,transfer_into_account,ok
1009,top_up_reverted,top_up_reverted,ok
3058,country_support,atm_support,ok
3029,verify_my_identity,verify_my_identity,ok
1337,topping_up_by_card,topping_up_by_card,ok
1599,declined_cash_withdrawal,declined_cash_withdrawal,ok
1723,declined_transfer,declined_transfer,ok
2866,activate_my_card,activate_my_card,ok
75,card_linking,card_linking,ok
1121,edit_personal_details,edit_personal_details,ok
1813,declined_card_payment,declined_card_payment,ok
393,card_not_working,declined_card_payment,ok
1182,why_verify_identity,why_verify_identity,ok
1822,declined_card_payment,direct_debit_payment_not_recognised,ok
585,contactless_not_working,contactless_not_working,ok
145,card_payment_wrong_exchange_rate,wrong_exchange_rate_for_cash_withdrawal,ok
2008,verify_source_of_funds,verify_source_of_funds,ok
295,card_delivery_estimate,card_delivery_estimate,ok
68,card_linking,card_linking,ok
2370,verify_top_up,verify_top_up,ok
2929,card_about_to_expire,card_about_to_expire,ok
1402,compromised_card,compromised_card,ok
634,top_up_by_bank_transfer_charge,top_up_by_bank_transfer_charge,ok
2263,receiving_money,receiving_money,ok
590,contactless_not_working,contactless_not_working,ok
2711,balance_not_updated_after_bank_transfer,pending_transfer,ok
2430,getting_spare_card,getting_spare_card,ok
1809,declined_card_payment,declined_card_payment,ok
392,card_not_working,card_not_working,ok
863,transfer_not_received_by_recipient,transfer_fee_charged,ok
453,lost_or_stolen_card,lost_or_stolen_card,ok
2035,verify_source_of_funds,verify_source_of_funds,ok
1528,passcode_forgotten,passcode_forgotten,ok
403,exchange_via_app,exchange_via_app,ok
2875,activate_my_card,activate_my_card,ok
1907,terminate_account,terminate_account,ok
1884,terminate_account,terminate_account,ok
1938,card_swallowed,card_swallowed,ok
123,card_payment_wrong_exchange_rate,wrong_exchange_rate_for_cash_withdrawal,ok
2495,order_physical_card,order_physical_card,ok
511,age_limit,age_limit,ok
2680,balance_not_updated_after_bank_transfer,balance_not_updated_after_bank_transfer,ok
10,card_arrival,card_arrival,ok
3073,country_support,country_support,ok
2231,transfer_fee_charged,transfer_fee_charged,ok
2286,failed_transfer,failed_transfer,ok
2264,receiving_money,receiving_money,ok
2184,beneficiary_not_allowed,beneficiary_not_allowed,ok
530,pin_blocked,pin_blocked,ok
1513,direct_debit_payment_not_recognised,direct_debit_payment_not_recognised,ok
642,pending_top_up,pending_top_up,ok
1636,pending_card_payment,pending_card_payment,ok
1075,balance_not_updated_after_cheque_or_cash_deposit,balance_not_updated_after_cheque_or_cash_deposit,ok
429,exchange_via_app,exchange_via_app,ok
524,pin_blocked,pin_blocked,ok
1963,transaction_charged_twice,transaction_charged_twice,ok
2340,transfer_into_account,transfer_into_account,ok
1362,disposable_card_limits,disposable_card_limits,ok
2491,order_physical_card,order_physical_card,ok
781,wrong_amount_of_cash_received,wrong_amount_of_cash_received,ok
2761,exchange_charge,exchange_rate,ok
800,card_payment_fee_charged,card_payment_fee_charged,ok
282,card_delivery_estimate,card_delivery_estimate,ok
28,card_arrival,card_arrival,ok
157,card_payment_wrong_exchange_rate,card_payment_wrong_exchange_rate,ok
58,card_linking,card_linking,ok
1683,request_refund,request_refund,ok
1011,top_up_reverted,top_up_reverted,ok
1826,declined_card_payment,declined_card_payment,ok
2813,top_up_by_card_charge,top_up_by_card_charge,ok
420,exchange_via_app,exchange_via_app,ok
1859,pending_transfer,failed_transfer,ok
1982,transaction_charged_twice,transaction_charged_twice,ok
981,card_acceptance,card_acceptance,ok
276,fiat_currency_support,country_support,ok
1635,pending_card_payment,pending_card_payment,ok
2563,wrong_exchange_rate_for_cash_withdrawal,card_payment_wrong_exchange_rate,ok
715,cancel_transfer,cancel_transfer,ok
338,automatic_top_up,automatic_top_up,ok
3005,verify_my_identity,why_verify_identity,ok
1250,get_physical_card,get_physical_card,ok
1112,card_payment_not_recognised,compromised_card,ok
2908,cash_withdrawal_charge,top_up_limits,ok
1,card_arrival,card_arrival,ok
1336,topping_up_by_card,topping_up_by_card,ok
208,pending_cash_withdrawal,pending_cash_withdrawal,ok
1703,request_refund,request_refund,ok
283,card_delivery_estimate,card_delivery_estimate,ok
1305,visa_or_mastercard,visa_or_mastercard,ok
2779,exchange_charge,exchange_charge,ok
1051,balance_not_updated_after_cheque_or_cash_deposit,balance_not_updated_after_cheque_or_cash_deposit,ok
627,top_up_by_bank_transfer_charge,top_up_by_bank_transfer_charge,ok
2082,reverted_card_payment?,reverted_card_payment?,ok
1085,card_payment_not_recognised,card_payment_not_recognised,ok
3048,country_support,country_support,ok
645,pending_top_up,pending_top_up,ok
886,supported_cards_and_currencies,supported_cards_and_currencies,ok
2071,transfer_timing,transfer_timing,ok
240,fiat_currency_support,fiat_currency_support,ok
2002,verify_source_of_funds,verify_source_of_funds,ok
811,card_payment_fee_charged,card_payment_fee_charged,ok
1372,disposable_card_limits,disposable_card_limits,ok
2003,verify_source_of_funds,verify_source_of_funds,ok
2765,exchange_charge,exchange_charge,ok
1421,compromised_card,card_linking,ok
2668,top_up_failed,top_up_failed,ok
1227,unable_to_verify_identity,verify_my_identity,ok
2871,activate_my_card,activate_my_card,ok
2639,get_disposable_virtual_card,get_disposable_virtual_card,ok
142,card_payment_wrong_exchange_rate,card_payment_wrong_exchange_rate,ok
3031,verify_my_identity,verify_my_identity,ok
1799,Refund_not_showing_up,Refund_not_showing_up,ok
216,pending_cash_withdrawal,pending_cash_withdrawal,ok
926,getting_virtual_card,getting_virtual_card,ok
1394,disposable_card_limits,get_disposable_virtual_card,ok
1906,terminate_account,terminate_account,ok
871,transfer_not_received_by_recipient,transfer_not_received_by_recipient,ok
2091,reverted_card_payment?,reverted_card_payment?,ok
2197,beneficiary_not_allowed,beneficiary_not_allowed,ok
1406,compromised_card,compromised_card,ok
454,lost_or_stolen_card,lost_or_stolen_card,ok
629,top_up_by_bank_transfer_charge,top_up_by_bank_transfer_charge,ok
827,card_payment_fee_charged,card_payment_fee_charged,ok
1413,compromised_card,lost_or_stolen_card,ok
2978,apple_pay_or_google_pay,apple_pay_or_google_pay,ok
2684,balance_not_updated_after_bank_transfer,balance_not_updated_after_bank_transfer,ok
1589,declined_cash_withdrawal,declined_cash_withdrawal,ok
675,pending_top_up,pending_top_up,ok
180,extra_charge_on_statement,extra_charge_on_statement,ok
2878,activate_my_card,activate_my_card,ok
1755,declined_transfer,declined_transfer,ok
462,lost_or_stolen_card,lost_or_stolen_card,ok
111,exchange_rate,exchange_rate,ok
812,card_payment_fee_charged,direct_debit_payment_not_recognised,ok
620,top_up_by_bank_transfer_charge,top_up_by_bank_transfer_charge,ok
2616,get_disposable_virtual_card,get_disposable_virtual_card,ok
1638,pending_card_payment,pending_card_payment,ok
1022,top_up_reverted,top_up_reverted,ok
1285,visa_or_mastercard,visa_or_mastercard,ok
1718,request_refund,request_refund,ok
363,card_not_working,card_not_working,ok
1849,pending_transfer,pending_transfer,ok
40,card_linking,card_linking,ok
1567,declined_cash_withdrawal,declined_cash_withdrawal,ok
2272,receiving_money,receiving_money,ok
1756,declined_transfer,card_not_working,ok
653,pending_top_up,pending_top_up,ok
47,card_linking,card_linking,ok
614,top_up_by_bank_transfer_charge,transfer_fee_charged,ok
1132,edit_personal_details,edit_personal_details,ok
77,card_linking,card_linking,ok
1648,lost_or_stolen_phone,lost_or_stolen_phone,ok
1387,disposable_card_limits,disposable_card_limits,ok
2419,getting_spare_card,getting_spare_card,ok
559,pin_blocked,pin_blocked,ok
404,exchange_via_app,exchange_via_app,ok
2934,card_about_to_expire,card_about_to_expire,ok
1117,card_payment_not_recognised,extra_charge_on_statement,ok
309,card_delivery_estimate,card_delivery_estimate,ok
113,exchange_rate,exchange_rate,ok
1666,lost_or_stolen_phone,lost_or_stolen_phone,ok
1175,why_verify_identity,why_verify_identity,ok
2460,top_up_by_cash_or_cheque,top_up_by_cash_or_cheque,ok
651,pending_top_up,pending_top_up,ok
1068,balance_not_updated_after_cheque_or_cash_deposit,balance_not_updated_after_cheque_or_cash_deposit,ok
723,top_up_limits,top_up_limits,ok
2638,get_disposable_virtual_card,get_disposable_virtual_card,ok
349,automatic_top_up,automatic_top_up,ok
2712,balance_not_updated_after_bank_transfer,balance_not_updated_after_bank_transfer,ok
1633,pending_card_payment,pending_card_payment,ok
1770,Refund_not_showing_up,Refund_not_showing_up,ok
1393,disposable_card_limits,disposable_card_limits,ok
2296,failed_transfer,pending_transfer,ok
1028,top_up_reverted,top_up_reverted,ok
2413,getting_spare_card,getting_spare_card,ok
2198,beneficiary_not_allowed,beneficiary_not_allowed,ok
898,supported_cards_and_currencies,supported_cards_and_currencies,ok
640,pending_top_up,pending_top_up,ok
1114,card_payment_not_recognised,card_payment_fee_charged,ok
3047,country_support,country_support,ok
1046,balance_not_updated_after_cheque_or_cash_deposit,balance_not_updated_after_cheque_or_cash_deposit,ok
891,supported_cards_and_currencies,supported_cards_and_currencies,ok
2282,failed_transfer,failed_transfer,ok
826,card_payment_fee_charged,card_payment_fee_charged,ok
2925,card_about_to_expire,card_about_to_expire,ok
129,card_payment_wrong_exchange_rate,card_payment_wrong_exchange_rate,ok
1172,why_verify_identity,why_verify_identity,ok
1213,unable_to_verify_identity,unable_to_verify_identity,ok
211,pending_cash_withdrawal,pending_cash_withdrawal,ok
1354,topping_up_by_card,topping_up_by_card,ok
1733,declined_transfer,declined_transfer,ok
1330,topping_up_by_card,topping_up_by_card,ok
507,age_limit,age_limit,ok
1867,pending_transfer,balance_not_updated_after_bank_transfer,ok
2764,exchange_charge,exchange_charge,ok
3011,verify_my_identity,verify_my_identity,ok
2001,verify_source_of_funds,verify_source_of_funds,ok
1777,Refund_not_showing_up,Refund_not_showing_up,ok
2923,card_about_to_expire,card_about_to_expire,ok
1575,declined_cash_withdrawal,declined_cash_withdrawal,ok
2070,transfer_timing,card_about_to_expire,ok
2647,top_up_failed,top_up_failed,ok
2226,transfer_fee_charged,transfer_fee_charged,ok
1673,lost_or_stolen_phone,lost_or_stolen_phone,ok
1219,unable_to_verify_identity,unable_to_verify_identity,ok
1080,card_payment_not_recognised,card_payment_not_recognised,ok
1960,transaction_charged_twice,transaction_charged_twice,ok
1742,declined_transfer,declined_transfer,ok
1704,request_refund,request_refund,ok
1805,declined_card_payment,declined_card_payment,ok
2776,exchange_charge,exchange_charge,ok
1987,transaction_charged_twice,transaction_charged_twice,ok
1280,visa_or_mastercard,visa_or_mastercard,ok
160,extra_charge_on_statement,extra_charge_on_statement,ok
1465,atm_support,atm_support,ok
2450,top_up_by_cash_or_cheque,top_up_by_cash_or_cheque,ok
1562,declined_cash_withdrawal,card_not_working,ok
154,card_payment_wrong_exchange_rate,card_payment_wrong_exchange_rate,ok
2170,beneficiary_not_allowed,beneficiary_not_allowed,ok
1846,pending_transfer,pending_transfer,ok
939,getting_virtual_card,getting_virtual_card,ok
717,cancel_transfer,transfer_not_received_by_recipient,ok
1930,card_swallowed,card_swallowed,ok
2804,top_up_by_card_charge,top_up_by_card_charge,ok
2442,top_up_by_cash_or_cheque,top_up_by_cash_or_cheque,ok
2927,card_about_to_expire,card_about_to_expire,ok
1762,Refund_not_showing_up,Refund_not_showing_up,ok
2634,get_disposable_virtual_card,get_disposable_virtual_card,ok
2214,transfer_fee_charged,transfer_fee_charged,ok
2466,top_up_by_cash_or_cheque,supported_cards_and_currencies,ok
2353,transfer_into_account,transfer_into_account,ok
1131,edit_personal_details,edit_personal_details,ok
2112,reverted_card_payment?,reverted_card_payment?,ok
1573,declined_cash_withdrawal,declined_cash_withdrawal,ok
984,card_acceptance,card_acceptance,ok
1641,lost_or_stolen_phone,lost_or_stolen_phone,ok
938,getting_virtual_card,getting_virtual_card,ok
1815,declined_card_payment,declined_card_payment,ok
1225,unable_to_verify_identity,verify_my_identity,ok
2564,wrong_exchange_rate_for_cash_withdrawal,wrong_exchange_rate_for_cash_withdrawal,ok
1967,transaction_charged_twice,transaction_charged_twice,ok
1458,atm_support,atm_support,ok
1369,disposable_card_limits,disposable_card_limits,ok
2514,order_physical_card,order_physical_card,ok
2299,failed_transfer,failed_transfer,ok
2291,failed_transfer,failed_transfer,ok
539,pin_blocked,pin_blocked,ok
2265,receiving_money,receiving_money,ok
2633,get_disposable_virtual_card,get_disposable_virtual_card,ok
3000,verify_my_identity,verify_my_identity,ok
540,pin_blocked,pin_blocked,ok
2392,verify_top_up,verify_top_up,ok
1411,compromised_card,compromised_card,ok
2276,receiving_money,receiving_money,ok
2262,receiving_money,receiving_money,ok
1651,lost_or_stolen_phone,lost_or_stolen_phone,ok
19,card_arrival,card_arrival,ok
3050,country_support,country_support,ok
1449,atm_support,atm_support,ok
1971,transaction_charged_twice,transaction_charged_twice,ok
2375,verify_top_up,verify_top_up,ok
275,fiat_currency_support,fiat_currency_support,ok
742,top_up_limits,top_up_limits,ok
432,exchange_via_app,exchange_via_app,ok
890,supported_cards_and_currencies,supported_cards_and_currencies,ok
83,exchange_rate,exchange_rate,ok
1668,lost_or_stolen_phone,lost_or_stolen_phone,ok
1912,terminate_account,terminate_account,ok
1236,unable_to_verify_identity,unable_to_verify_identity,ok
839,card_payment_fee_charged,card_payment_fee_charged,ok
1689,request_refund,card_payment_wrong_exchange_rate,ok
1543,passcode_forgotten,passcode_forgotten,ok
2751,cash_withdrawal_not_recognised,cash_withdrawal_not_recognised,ok
1818,declined_card_payment,declined_card_payment,ok
1697,request_refund,request_refund,ok
1775,Refund_not_showing_up,reverted_card_payment?,ok
2576,wrong_exchange_rate_for_cash_withdrawal,wrong_exchange_rate_for_cash_withdrawal,ok
183,extra_charge_on_statement,extra_charge_on_statement,ok
2655,top_up_failed,top_up_failed,ok
1693,request_refund,request_refund,ok
2054,transfer_timing,transfer_timing,ok
1254,get_physical_card,get_physical_card,ok
2518,order_physical_card,order_physical_card,ok
1006,top_up_reverted,top_up_failed,ok
1206,unable_to_verify_identity,unable_to_verify_identity,ok
932,getting_virtual_card,getting_virtual_card,ok
3035,verify_my_identity,why_verify_identity,ok
2734,cash_withdrawal_not_recognised,cash_withdrawal_not_recognised,ok
2753,cash_withdrawal_not_recognised,cash_withdrawal_not_recognised,ok
2283,failed_transfer,failed_transfer,ok
2787,exchange_charge,exchange_via_app,ok
2747,cash_withdrawal_not_recognised,cash_withdrawal_not_recognised,ok
687,cancel_transfer,cancel_transfer,ok
1538,passcode_forgotten,passcode_forgotten,ok
787,wrong_amount_of_cash_received,wrong_amount_of_cash_received,ok
2848,activate_my_card,activate_my_card,ok
521,pin_blocked,get_physical_card,ok
189,extra_charge_on_statement,extra_charge_on_statement,ok
1536,passcode_forgotten,passcode_forgotten,ok
1289,visa_or_mastercard,visa_or_mastercard,ok
27,card_arrival,card_arrival,ok
799,wrong_amount_of_cash_received,declined_cash_withdrawal,ok
1194,why_verify_identity,why_verify_identity,ok
1891,terminate_account,terminate_account,ok
2808,top_up_by_card_charge,top_up_by_card_charge,ok
376,card_not_working,card_not_working,ok
73,card_linking,card_linking,ok
657,pending_top_up,pending_top_up,ok
924,getting_virtual_card,order_physical_card,ok
2045,transfer_timing,pending_transfer,ok
31,card_arrival,card_arrival,ok
2168,beneficiary_not_allowed,beneficiary_not_allowed,ok
2852,activate_my_card,lost_or_stolen_card,ok
2513,order_physical_card,order_physical_card,ok
2398,verify_top_up,verify_top_up,ok
885,supported_cards_and_currencies,supported_cards_and_currencies,ok
959,getting_virtual_card,getting_virtual_card,ok
3060,country_support,country_support,ok
256,fiat_currency_support,fiat_currency_support,ok
2623,get_disposable_virtual_card,get_disposable_virtual_card,ok
1193,why_verify_identity,verify_my_identity,ok
1134,edit_personal_details,edit_personal_details,ok
2810,top_up_by_card_charge,top_up_by_card_charge,ok
1057,balance_not_updated_after_cheque_or_cash_deposit,balance_not_updated_after_cheque_or_cash_deposit,ok
105,exchange_rate,exchange_rate,ok
2690,balance_not_updated_after_bank_transfer,transfer_not_received_by_recipient,ok
2211,transfer_fee_charged,transfer_fee_charged,ok
2025,verify_source_of_funds,verify_source_of_funds,ok
553,pin_blocked,pin_blocked,ok
1139,edit_personal_details,edit_personal_details,ok
2241,receiving_money,receiving_money,ok
760,wrong_amount_of_cash_received,wrong_amount_of_cash_received,ok
2646,top_up_failed,top_up_failed,ok
611,top_up_by_bank_transfer_charge,top_up_by_bank_transfer_charge,ok
2017,verify_source_of_funds,verify_source_of_funds,ok
1332,topping_up_by_card,top_up_limits,ok
587,contactless_not_working,contactless_not_working,ok
474,lost_or_stolen_card,lost_or_stolen_card,ok
1586,declined_cash_withdrawal,declined_cash_withdrawal,ok
359,automatic_top_up,automatic_top_up,ok
1247,get_physical_card,get_physical_card,ok
1278,get_physical_card,get_physical_card,ok
1814,declined_card_payment,declined_card_payment,ok
1118,card_payment_not_recognised,card_payment_not_recognised,ok
2394,verify_top_up,verify_top_up,ok
969,card_acceptance,card_acceptance,ok
2155,change_pin,change_pin,ok
485,age_limit,age_limit,ok
2188,beneficiary_not_allowed,beneficiary_not_allowed,ok
1245,get_physical_card,get_physical_card,ok
1356,topping_up_by_card,topping_up_by_card,ok
1179,why_verify_identity,why_verify_identity,ok
300,card_delivery_estimate,card_delivery_estimate,ok
2,card_arrival,transfer_not_received_by_recipient,ok
1825,declined_card_payment,declined_card_payment,ok
1505,direct_debit_payment_not_recognised,direct_debit_payment_not_recognised,ok
2469,top_up_by_cash_or_cheque,card_acceptance,ok
2073,transfer_timing,verify_source_of_funds,ok
1233,unable_to_verify_identity,unable_to_verify_identity,ok
2679,top_up_failed,top_up_failed,ok
69,card_linking,card_linking,ok
2939,card_about_to_expire,order_physical_card,ok
430,exchange_via_app,exchange_via_app,ok
2239,transfer_fee_charged,transfer_fee_charged,ok
1937,card_swallowed,card_swallowed,ok
2077,transfer_timing,transfer_timing,ok
2128,change_pin,change_pin,ok
2539,virtual_card_not_working,getting_virtual_card,ok
1315,visa_or_mastercard,supported_cards_and_currencies,ok
1111,card_payment_not_recognised,card_payment_not_recognised,ok
1856,pending_transfer,pending_transfer,ok
509,age_limit,age_limit,ok
2705,balance_not_updated_after_bank_transfer,balance_not_updated_after_bank_transfer,ok
2968,apple_pay_or_google_pay,apple_pay_or_google_pay,ok
1811,declined_card_payment,declined_card_payment,ok
1474,atm_support,atm_support,ok
1303,visa_or_mastercard,visa_or_mastercard,ok
362,card_not_working,card_not_working,ok
117,exchange_rate,exchange_rate,ok
2817,top_up_by_card_charge,top_up_by_card_charge,ok
1397,disposable_card_limits,disposable_card_limits,ok
626,top_up_by_bank_transfer_charge,top_up_by_bank_transfer_charge,ok
2157,change_pin,change_pin,ok
323,automatic_top_up,automatic_top_up,ok
1367,disposable_card_limits,disposable_card_limits,ok
464,lost_or_stolen_card,lost_or_stolen_card,ok
2497,order_physical_card,order_physical_card,ok
931,getting_virtual_card,getting_virtual_card,ok
2344,transfer_into_account,transfer_into_account,ok
2223,transfer_fee_charged,transfer_fee_charged,ok
2219,transfer_fee_charged,transfer_fee_charged,ok
2251,receiving_money,receiving_money,ok
836,card_payment_fee_charged,card_payment_fee_charged,ok
946,getting_virtual_card,getting_virtual_card,ok
1975,transaction_charged_twice,transaction_charged_twice,ok
656,pending_top_up,pending_top_up,ok
2266,receiving_money,receiving_money,ok
1992,transaction_charged_twice,transaction_charged_twice,ok
2792,exchange_charge,exchange_charge,ok
2116,reverted_card_payment?,reverted_card_payment?,ok
2924,card_about_to_expire,card_about_to_expire,ok
813,card_payment_fee_charged,card_payment_fee_charged,ok
236,pending_cash_withdrawal,declined_card_payment,ok
2213,transfer_fee_charged,transfer_fee_charged,ok
2202,transfer_fee_charged,transfer_fee_charged,ok
860,transfer_not_received_by_recipient,transfer_not_received_by_recipient,ok
602,top_up_by_bank_transfer_charge,top_up_by_bank_transfer_charge,ok
1171,why_verify_identity,why_verify_identity,ok
901,supported_cards_and_currencies,supported_cards_and_currencies,ok
1910,terminate_account,terminate_account,ok
2006,verify_source_of_funds,verify_source_of_funds,ok
1901,terminate_account,terminate_account,ok
126,card_payment_wrong_exchange_rate,card_payment_wrong_exchange_rate,ok
325,automatic_top_up,automatic_top_up,ok
2860,activate_my_card,activate_my_card,ok
1508,direct_debit_payment_not_recognised,direct_debit_payment_not_recognised,ok
805,card_payment_fee_charged,card_payment_fee_charged,ok
615,top_up_by_bank_transfer_charge,top_up_by_bank_transfer_charge,ok
680,cancel_transfer,cancel_transfer,ok
1831,declined_card_payment,declined_card_payment,ok
2160,beneficiary_not_allowed,beneficiary_not_allowed,ok
37,card_arrival,card_arrival,ok
371,card_not_working,card_not_working,ok
87,exchange_rate,exchange_rate,ok
451,lost_or_stolen_card,lost_or_stolen_card,ok
2744,cash_withdrawal_not_recognised,cash_withdrawal_not_recognised,ok
788,wrong_amount_of_cash_received,wrong_amount_of_cash_received,ok
1522,passcode_forgotten,passcode_forgotten,ok
1010,top_up_reverted,balance_not_updated_after_cheque_or_cash_deposit,ok
2549,virtual_card_not_working,virtual_card_not_working,ok
2425,getting_spare_card,getting_spare_card,ok
2138,change_pin,change_pin,ok
2309,failed_transfer,failed_transfer,ok
3075,country_support,country_support,ok
716,cancel_transfer,cancel_transfer,ok
2578,wrong_exchange_rate_for_cash_withdrawal,wrong_exchange_rate_for_cash_withdrawal,ok
1276,get_physical_card,get_physical_card,ok
1104,card_payment_not_recognised,card_payment_not_recognised,ok
2248,receiving_money,receiving_money,ok
1533,passcode_forgotten,passcode_forgotten,ok
415,exchange_via_app,exchange_via_app,ok
695,cancel_transfer,cancel_transfer,ok
185,extra_charge_on_statement,extra_charge_on_statement,ok
2853,activate_my_card,activate_my_card,ok
2164,beneficiary_not_allowed,pin_blocked,ok
986,card_acceptance,card_acceptance,ok
990,card_acceptance,card_acceptance,ok
2429,getting_spare_card,getting_spare_card,ok
2089,reverted_card_payment?,reverted_card_payment?,ok
234,pending_cash_withdrawal,pending_cash_withdrawal,ok
196,extra_charge_on_statement,reverted_card_payment?,ok
1629,pending_card_payment,pending_card_payment,ok
2936,card_about_to_expire,card_about_to_expire,ok
2814,top_up_by_card_charge,top_up_by_card_charge,ok
2917,cash_withdrawal_charge,wrong_exchange_rate_for_cash_withdrawal,ok
1176,why_verify_identity,why_verify_identity,ok
581,contactless_not_working,contactless_not_working,ok
3026,verify_my_identity,verify_my_identity,ok
1959,card_swallowed,card_swallowed,ok
405,exchange_via_app,exchange_via_app,ok
1124,edit_personal_details,edit_personal_details,ok
1615,pending_card_payment,pending_card_payment,ok
2851,activate_my_card,activate_my_card,ok
3042,country_support,country_support,ok
2134,change_pin,change_pin,ok
2897,cash_withdrawal_charge,cash_withdrawal_charge,ok
1102,card_payment_not_recognised,card_payment_not_recognised,ok
1061,balance_not_updated_after_cheque_or_cash_deposit,balance_not_updated_after_cheque_or_cash_deposit,ok
1251,get_physical_card,activate_my_card,ok
2229,transfer_fee_charged,transfer_fee_charged,ok
1840,pending_transfer,pending_transfer,ok
2739,cash_withdrawal_not_recognised,cash_withdrawal_not_recognised,ok
2132,change_pin,change_pin,ok
1521,passcode_forgotten,passcode_forgotten,ok
2372,verify_top_up,verify_top_up,ok
408,exchange_via_app,exchange_via_app,ok
56,card_linking,card_linking,ok
1750,declined_transfer,declined_transfer,ok
2050,transfer_timing,transfer_timing,ok
798,wrong_amount_of_cash_received,cash_withdrawal_not_recognised,ok
2731,cash_withdrawal_not_recognised,cash_withdrawal_not_recognised,ok
1342,topping_up_by_card,topping_up_by_card,ok
2554,virtual_card_not_working,virtual_card_not_working,ok
51,card_linking,card_linking,ok
481,age_limit,age_limit,ok
2694,balance_not_updated_after_bank_transfer,transfer_not_received_by_recipient,ok
1405,compromised_card,compromised_card,ok
2641,top_up_failed,top_up_failed,ok
1787,Refund_not_showing_up,Refund_not_showing_up,ok
2996,apple_pay_or_google_pay,apple_pay_or_google_pay,ok
2693,balance_not_updated_after_bank_transfer,balance_not_updated_after_bank_transfer,ok
2650,top_up_failed,top_up_failed,ok
482,age_limit,age_limit,ok
776,wrong_amount_of_cash_received,wrong_amount_of_cash_received,ok
1471,atm_support,atm_support,ok
2979,apple_pay_or_google_pay,apple_pay_or_google_pay,ok
731,top_up_limits,top_up_limits,ok
1141,edit_personal_details,edit_personal_details,ok
1659,lost_or_stolen_phone,lost_or_stolen_phone,ok
816,card_payment_fee_charged,card_payment_fee_charged,ok
978,card_acceptance,card_acceptance,ok
605,top_up_by_bank_transfer_charge,top_up_by_bank_transfer_charge,ok
1537,passcode_forgotten,passcode_forgotten,ok
682,cancel_transfer,cancel_transfer,ok
619,top_up_by_bank_transfer_charge,top_up_by_bank_transfer_charge,ok
2504,order_physical_card,order_physical_card,ok
1079,balance_not_updated_after_cheque_or_cash_deposit,balance_not_updated_after_cheque_or_cash_deposit,ok
1497,direct_debit_payment_not_recognised,direct_debit_payment_not_recognised,ok
2937,card_about_to_expire,card_about_to_expire,ok
2115,reverted_card_payment?,declined_card_payment,ok
2857,activate_my_card,activate_my_card,ok
877,transfer_not_received_by_recipient,transfer_not_received_by_recipient,ok
456,lost_or_stolen_card,lost_or_stolen_card,ok
1747,declined_transfer,declined_transfer,ok
1255,get_physical_card,get_physical_card,ok
1484,direct_debit_payment_not_recognised,extra_charge_on_statement,ok
383,card_not_working,card_not_working,ok
1748,declined_transfer,declined_transfer,ok
460,lost_or_stolen_card,lost_or_stolen_card,ok
200,pending_cash_withdrawal,pending_cash_withdrawal,ok
1519,direct_debit_payment_not_recognised,direct_debit_payment_not_recognised,ok
851,transfer_not_received_by_recipient,balance_not_updated_after_bank_transfer,ok
1352,topping_up_by_card,topping_up_by_card,ok
2137,change_pin,change_pin,ok
2100,reverted_card_payment?,reverted_card_payment?,ok
1920,card_swallowed,card_swallowed,ok
1617,pending_card_payment,pending_card_payment,ok
365,card_not_working,card_not_working,ok
1062,balance_not_updated_after_cheque_or_cash_deposit,balance_not_updated_after_cheque_or_cash_deposit,ok
1181,why_verify_identity,why_verify_identity,ok
2547,virtual_card_not_working,virtual_card_not_working,ok
288,card_delivery_estimate,card_delivery_estimate,ok
2499,order_physical_card,country_support,ok
1414,compromised_card,compromised_card,ok
1642,lost_or_stolen_phone,lost_or_stolen_phone,ok
2348,transfer_into_account,balance_not_updated_after_bank_transfer,ok
1731,declined_transfer,declined_transfer,ok
1896,terminate_account,terminate_account,ok
753,top_up_limits,top_up_limits,ok
1107,card_payment_not_recognised,extra_charge_on_statement,ok
528,pin_blocked,pin_blocked,ok
983,card_acceptance,card_acceptance,ok
2330,transfer_into_account,transfer_into_account,ok
318,card_delivery_estimate,card_delivery_estimate,ok
870,transfer_not_received_by_recipient,transfer_not_received_by_recipient,ok
2958,card_about_to_expire,card_about_to_expire,ok
1319,visa_or_mastercard,visa_or_mastercard,ok
2998,apple_pay_or_google_pay,apple_pay_or_google_pay,ok
2665,top_up_failed,top_up_failed,ok
3040,country_support,country_support,ok
394,card_not_working,card_not_working,ok
2703,balance_not_updated_after_bank_transfer,failed_transfer,ok
660,pending_top_up,pending_top_up,ok
1670,lost_or_stolen_phone,lost_or_stolen_phone,ok
232,pending_cash_withdrawal,pending_cash_withdrawal,ok
1376,disposable_card_limits,disposable_card_limits,ok
3020,verify_my_identity,why_verify_identity,ok
1052,balance_not_updated_after_cheque_or_cash_deposit,balance_not_updated_after_cheque_or_cash_deposit,ok
2708,balance_not_updated_after_bank_transfer,pending_transfer,ok
118,exchange_rate,exchange_rate,ok
741,top_up_limits,top_up_limits,ok
696,cancel_transfer,cancel_transfer,ok
2043,transfer_timing,transfer_timing,ok
2125,change_pin,change_pin,ok
1470,atm_support,verify_source_of_funds,ok
597,contactless_not_working,contactless_not_working,ok
1944,card_swallowed,card_swallowed,ok
1202,unable_to_verify_identity,unable_to_verify_identity,ok
2522,virtual_card_not_working,virtual_card_not_working,ok
412,exchange_via_app,exchange_via_app,ok
2962,apple_pay_or_google_pay,apple_pay_or_google_pay,ok
237,pending_cash_withdrawal,card_delivery_estimate,ok
1489,direct_debit_payment_not_recognised,direct_debit_payment_not_recognised,ok
3076,country_support,country_support,ok
2756,cash_withdrawal_not_recognised,cash_withdrawal_not_recognised,ok
2479,top_up_by_cash_or_cheque,supported_cards_and_currencies,ok
270,fiat_currency_support,fiat_currency_support,ok
470,lost_or_stolen_card,lost_or_stolen_card,ok
3022,verify_my_identity,verify_my_identity,ok
1450,atm_support,atm_support,ok
2374,verify_top_up,verify_top_up,ok
2524,virtual_card_not_working,get_disposable_virtual_card,ok
701,cancel_transfer,cancel_transfer,ok
1014,top_up_reverted,top_up_reverted,ok
503,age_limit,age_limit,ok
52,card_linking,card_linking,ok
2041,transfer_timing,transfer_timing,ok
191,extra_charge_on_statement,extra_charge_on_statement,ok
1274,get_physical_card,get_physical_card,ok
1706,request_refund,request_refund,ok
979,card_acceptance,card_not_working,ok
125,card_payment_wrong_exchange_rate,card_payment_wrong_exchange_rate,ok
1889,terminate_account,terminate_account,ok
928,getting_virtual_card,getting_virtual_card,ok
952,getting_virtual_card,getting_virtual_card,ok
1844,pending_transfer,pending_transfer,ok
2117,reverted_card_payment?,reverted_card_payment?,ok
2888,cash_withdrawal_charge,extra_charge_on_statement,ok
2147,change_pin,change_pin,ok
2796,exchange_charge,exchange_charge,ok
2019,verify_source_of_funds,verify_source_of_funds,ok
985,card_acceptance,card_acceptance,ok
558,pin_blocked,pin_blocked,ok
1016,top_up_reverted,top_up_reverted,ok
1188,why_verify_identity,why_verify_identity,ok
306,card_delivery_estimate,order_physical_card,ok
1064,balance_not_updated_after_cheque_or_cash_deposit,balance_not_updated_after_cheque_or_cash_deposit,ok
2334,transfer_into_account,transfer_into_account,ok
436,exchange_via_app,exchange_via_app,ok
97,exchange_rate,exchange_rate,ok
2338,transfer_into_account,topping_up_by_card,ok
888,supported_cards_and_currencies,supported_cards_and_currencies,ok
2467,top_up_by_cash_or_cheque,top_up_by_cash_or_cheque,ok
2171,beneficiary_not_allowed,beneficiary_not_allowed,ok
2026,verify_source_of_funds,verify_source_of_funds,ok
2659,top_up_failed,top_up_reverted,ok
342,automatic_top_up,automatic_top_up,ok
2321,transfer_into_account,transfer_into_account,ok
921,getting_virtual_card,getting_virtual_card,ok
1710,request_refund,request_refund,ok
2326,transfer_into_account,transfer_into_account,ok
791,wrong_amount_of_cash_received,wrong_amount_of_cash_received,ok
304,card_delivery_estimate,card_delivery_estimate,ok
2692,balance_not_updated_after_bank_transfer,balance_not_updated_after_bank_transfer,ok
440,lost_or_stolen_card,topping_up_by_card,ok
244,fiat_currency_support,fiat_currency_support,ok
896,supported_cards_and_currencies,supported_cards_and_currencies,ok
579,contactless_not_working,contactless_not_working,ok
1379,disposable_card_limits,disposable_card_limits,ok
1606,pending_card_payment,pending_card_payment,ok
2280,failed_transfer,failed_transfer,ok
352,automatic_top_up,automatic_top_up,ok
1626,pending_card_payment,transaction_charged_twice,ok
1027,top_up_reverted,top_up_reverted,ok
2471,top_up_by_cash_or_cheque,top_up_by_cash_or_cheque,ok
2750,cash_withdrawal_not_recognised,cash_withdrawal_not_recognised,ok
1885,terminate_account,terminate_account,ok
1779,Refund_not_showing_up,Refund_not_showing_up,ok
1566,declined_cash_withdrawal,declined_cash_withdrawal,ok
897,supported_cards_and_currencies,supported_cards_and_currencies,ok
2465,top_up_by_cash_or_cheque,top_up_by_cash_or_cheque,ok
2222,transfer_fee_charged,transfer_fee_charged,ok
78,card_linking,card_linking,ok
674,pending_top_up,pending_top_up,ok
1657,lost_or_stolen_phone,lost_or_stolen_phone,ok
1682,request_refund,request_refund,ok
